{"task": 0, "epoch": 499, "acc": 94.3, "avg_acc": 94.3, "forgetting": 0.0, "acc_per_task": [94.3], "train_lr": 1.0039083119111025e-05, "bwt": 0.0, "fwt": 0.0, "test_acc1": 94.3, "test_acc5": 99.8, "mean_acc5": 99.8, "train_loss": 0.02444, "test_loss": 0.31561, "token_mean_dist": 0.0, "token_min_dist": 0.0, "token_max_dist": 0.0}
{"task": 1, "epoch": 0, "acc": 87.45, "avg_acc": 90.88, "forgetting": 0.0, "acc_per_task": [90.5, 84.4], "train_lr": 0.00010000000000000002, "bwt": 0.0, "fwt": 90.5, "test_acc1": 87.45, "test_acc5": 98.2, "mean_acc5": 99.0, "train_loss": 0.13466, "test_loss": 0.70487, "token_mean_dist": 0.82863, "token_min_dist": 0.82863, "token_max_dist": 0.82863}
{"task": 2, "epoch": 0, "acc": 82.43, "avg_acc": 88.06, "forgetting": 4.6, "acc_per_task": [85.1, 78.5, 83.7], "train_lr": 0.00010000000000000002, "bwt": -3.07, "fwt": 84.7, "test_acc1": 82.43, "test_acc5": 96.4, "mean_acc5": 98.13, "train_loss": 0.07074, "test_loss": 0.84895, "token_mean_dist": 0.76721, "token_min_dist": 0.66818, "token_max_dist": 0.82863}
{"task": 3, "epoch": 9, "acc": 77.53, "avg_acc": 85.43, "forgetting": 7.5, "acc_per_task": [79.6, 76.6, 74.2, 79.7], "train_lr": 0.00010000000000000002, "bwt": -5.28, "fwt": 80.75, "test_acc1": 77.53, "test_acc5": 94.63, "mean_acc5": 97.26, "train_loss": 0.02621, "test_loss": 1.10682, "token_mean_dist": 0.75363, "token_min_dist": 0.66818, "token_max_dist": 0.83336}
{"task": 4, "epoch": 9, "acc": 74.36, "avg_acc": 83.21, "forgetting": 11.425, "acc_per_task": [74.4, 73.8, 68.5, 76.7, 78.4], "train_lr": 0.00010000000000000002, "bwt": -7.74, "fwt": 77.79, "test_acc1": 74.36, "test_acc5": 93.32, "mean_acc5": 96.47, "train_loss": 0.01652, "test_loss": 1.14817, "token_mean_dist": 0.74836, "token_min_dist": 0.66818, "token_max_dist": 0.84583}
{"task": 5, "epoch": 9, "acc": 72.83, "avg_acc": 81.48, "forgetting": 14.52, "acc_per_task": [73.7, 68.0, 56.4, 71.4, 81.3, 86.2], "train_lr": 0.00010000000000000002, "bwt": -10.0, "fwt": 75.25, "test_acc1": 72.83, "test_acc5": 93.13, "mean_acc5": 95.91, "train_loss": 0.01331, "test_loss": 1.17005, "token_mean_dist": 0.73863, "token_min_dist": 0.66783, "token_max_dist": 0.84583}
{"task": 6, "epoch": 9, "acc": 69.07, "avg_acc": 79.71, "forgetting": 15.85, "acc_per_task": [70.7, 63.2, 51.2, 62.9, 77.4, 85.7, 72.4], "train_lr": 0.00010000000000000002, "bwt": -11.67, "fwt": 73.32, "test_acc1": 69.07, "test_acc5": 91.47, "mean_acc5": 95.28, "train_loss": 0.01001, "test_loss": 1.31434, "token_mean_dist": 0.72435, "token_min_dist": 0.62607, "token_max_dist": 0.84583}
{"task": 7, "epoch": 9, "acc": 67.79, "avg_acc": 78.22, "forgetting": 17.042857, "acc_per_task": [68.3, 61.4, 50.5, 60.6, 70.3, 79.2, 71.6, 80.4], "train_lr": 0.00010000000000000002, "bwt": -12.91, "fwt": 71.49, "test_acc1": 67.79, "test_acc5": 90.69, "mean_acc5": 94.7, "train_loss": 0.00829, "test_loss": 1.31517, "token_mean_dist": 0.72221, "token_min_dist": 0.62607, "token_max_dist": 0.89187}
{"task": 8, "epoch": 9, "acc": 65.47, "avg_acc": 76.8, "forgetting": 18.7, "acc_per_task": [66.6, 57.0, 46.0, 57.6, 62.9, 76.5, 65.8, 81.2, 75.6], "train_lr": 0.00010000000000000002, "bwt": -14.12, "fwt": 69.87, "test_acc1": 65.47, "test_acc5": 89.11, "mean_acc5": 94.08, "train_loss": 0.00682, "test_loss": 1.44201, "token_mean_dist": 0.7274, "token_min_dist": 0.62607, "token_max_dist": 0.89714}
{"task": 9, "epoch": 9, "acc": 62.79, "avg_acc": 75.4, "forgetting": 19.944444, "acc_per_task": [63.7, 53.7, 42.7, 55.2, 58.8, 71.8, 62.2, 74.8, 78.6, 66.4], "train_lr": 0.00010000000000000002, "bwt": -15.22, "fwt": 68.37, "test_acc1": 62.79, "test_acc5": 87.55, "mean_acc5": 93.43, "train_loss": 0.00573, "test_loss": 1.5642, "token_mean_dist": 0.72725, "token_min_dist": 0.62607, "token_max_dist": 0.89714}
{"avg": 75.40172869320824}
